config,task,successes,episodes,rate,source_log
1,board_duff_train,0,30,0.0,logs/pi05_parallel_20261002_105333_config01.log
2,board_nestle_train,0,30,0.0,logs/pi05_parallel_20261002_105333_config02.log
3,board_vanish_train,0,30,0.0,logs/pi05_parallel_20261002_105333_config03.log
4,open_fridge_train,0,30,0.0,logs/pi05_parallel_20261002_105333_config04.log
5,close_fridge_train,8,30,0.26666666666666666,logs/pi05_parallel_20261002_105333_config05.log
6,open_showcase_train,0,30,0.0,logs/pi05_parallel_20261002_105333_config06.log
7,close_showcase_train,7,30,0.23333333333333334,logs/pi05_parallel_20261002_105333_config07.log
8,floor_beans_train,0,30,0.0,logs/pi05_parallel_20261002_105333_config08.log
9,floor_slam_train,0,30,0.0,logs/pi05_parallel_20261002_105333_config09.log
10,basket_fanta_train,0,30,0.0,logs/pi05_parallel_20261002_105333_config10.log
11,basket_nivea_train,0,30,0.0,logs/pi05_parallel_20261002_105333_config11.log
12,basket_stars_train,0,30,0.0,logs/pi05_parallel_20261002_105333_config12.log
13,board_duff_robo,0,30,0.0,logs/pi05_parallel_20261002_105333_config13.log
14,board_nestle_robo,0,30,0.0,logs/pi05_parallel_20261002_105333_config14.log
15,board_vanish_robo,0,30,0.0,logs/pi05_parallel_20261002_105333_config15.log
16,open_fridge_robo,0,30,0.0,logs/pi05_parallel_20261002_105333_config16.log
17,close_fridge_robo,7,30,0.23333333333333334,logs/pi05_parallel_20261002_105333_config17.log
18,open_showcase_robo,1,30,0.03333333333333333,logs/pi05_parallel_20261002_105333_config18.log
19,close_showcase_robo,3,30,0.1,logs/pi05_parallel_20261002_105333_config19.log
20,floor_beans_robo,0,30,0.0,logs/pi05_parallel_20261002_105333_config20.log
21,floor_slam_robo,0,30,0.0,logs/pi05_parallel_20261002_105333_config21.log
22,basket_fanta_robo,0,30,0.0,logs/pi05_parallel_20261002_105333_config22.log
23,basket_nivea_robo,0,30,0.0,logs/pi05_parallel_20261002_105333_config23.log
24,basket_stars_robo,0,30,0.0,logs/pi05_parallel_20261002_105333_config24.log
25,board_duff_uns,0,30,0.0,logs/pi05_parallel_20261002_105333_config25.log
26,board_nestle_uns,0,30,0.0,logs/pi05_parallel_20261002_105333_config26.log
27,board_vanish_uns,0,30,0.0,logs/pi05_parallel_20261002_105333_config27.log
28,open_fridge_uns,1,30,0.03333333333333333,logs/pi05_parallel_20261002_105333_config28.log
29,close_fridge_uns,6,30,0.2,logs/pi05_parallel_20261002_105333_config29.log
30,open_showcase_uns,0,30,0.0,logs/pi05_parallel_20261002_105333_config30.log
31,close_showcase_uns,6,30,0.2,logs/pi05_parallel_20261002_105333_config31.log
32,floor_beans_uns,0,30,0.0,logs/pi05_parallel_20261002_105333_config32.log
33,floor_slam_uns,0,30,0.0,logs/pi05_parallel_20261002_105333_config33.log
34,basket_fanta_uns,0,30,0.0,logs/pi05_parallel_20261002_105333_config34.log
35,basket_nivea_uns,0,30,0.0,logs/pi05_parallel_20261002_105333_config35.log
36,basket_stars_uns,0,30,0.0,logs/pi05_parallel_20261002_105333_config36.log
37,board_nivea_ood,0,30,0.0,logs/pi05_parallel_20261002_105333_config37.log
38,board_fanta_ood,0,30,0.0,logs/pi05_parallel_20261002_105333_config38.log
39,floor_fanta_ood,0,30,0.0,logs/pi05_parallel_20261002_105333_config39.log
40,floor_duff_ood,0,30,0.0,logs/pi05_parallel_20261002_105333_config40.log
41,basket_nestle_ood,0,30,0.0,logs/pi05_parallel_20261002_105333_config41.log
42,basket_slam_ood,0,30,0.0,logs/pi05_parallel_20261002_105333_config42.log
