config,condition,family,task,episodes_per_model,octo_successes,octo_rate_pct,pi05_successes,pi05_rate_pct
1,Seeds,Board,board_duff_train,30,0,0.0,0,0.0
2,Seeds,Board,board_nestle_train,30,0,0.0,0,0.0
3,Seeds,Board,board_vanish_train,30,0,0.0,0,0.0
4,Seeds,Open,open_fridge_train,30,0,0.0,0,0.0
5,Seeds,Close,close_fridge_train,30,0,0.0,8,26.6667
6,Seeds,Open,open_showcase_train,30,0,0.0,0,0.0
7,Seeds,Close,close_showcase_train,30,1,3.3333,7,23.3333
8,Seeds,Floor,floor_beans_train,30,0,0.0,0,0.0
9,Seeds,Floor,floor_slam_train,30,0,0.0,0,0.0
10,Seeds,Basket,basket_fanta_train,30,0,0.0,0,0.0
11,Seeds,Basket,basket_nivea_train,30,0,0.0,0,0.0
12,Seeds,Basket,basket_stars_train,30,0,0.0,0,0.0
13,Pose,Board,board_duff_robo,30,0,0.0,0,0.0
14,Pose,Board,board_nestle_robo,30,0,0.0,0,0.0
15,Pose,Board,board_vanish_robo,30,0,0.0,0,0.0
16,Pose,Open,open_fridge_robo,30,0,0.0,0,0.0
17,Pose,Close,close_fridge_robo,30,0,0.0,7,23.3333
18,Pose,Open,open_showcase_robo,30,0,0.0,1,3.3333
19,Pose,Close,close_showcase_robo,30,0,0.0,3,10.0
20,Pose,Floor,floor_beans_robo,30,0,0.0,0,0.0
21,Pose,Floor,floor_slam_robo,30,0,0.0,0,0.0
22,Pose,Basket,basket_fanta_robo,30,0,0.0,0,0.0
23,Pose,Basket,basket_nivea_robo,30,0,0.0,0,0.0
24,Pose,Basket,basket_stars_robo,30,0,0.0,0,0.0
25,Layout,Board,board_duff_uns,30,0,0.0,0,0.0
26,Layout,Board,board_nestle_uns,30,0,0.0,0,0.0
27,Layout,Board,board_vanish_uns,30,0,0.0,0,0.0
28,Layout,Open,open_fridge_uns,30,0,0.0,1,3.3333
29,Layout,Close,close_fridge_uns,30,0,0.0,6,20.0
30,Layout,Open,open_showcase_uns,30,0,0.0,0,0.0
31,Layout,Close,close_showcase_uns,30,3,10.0,6,20.0
32,Layout,Floor,floor_beans_uns,30,0,0.0,0,0.0
33,Layout,Floor,floor_slam_uns,30,0,0.0,0,0.0
34,Layout,Basket,basket_fanta_uns,30,0,0.0,0,0.0
35,Layout,Basket,basket_nivea_uns,30,0,0.0,0,0.0
36,Layout,Basket,basket_stars_uns,30,0,0.0,0,0.0
37,Pairing,Board,board_nivea_ood,30,0,0.0,0,0.0
38,Pairing,Board,board_fanta_ood,30,0,0.0,0,0.0
39,Pairing,Floor,floor_fanta_ood,30,0,0.0,0,0.0
40,Pairing,Floor,floor_duff_ood,30,0,0.0,0,0.0
41,Pairing,Basket,basket_nestle_ood,30,0,0.0,0,0.0
42,Pairing,Basket,basket_slam_ood,30,0,0.0,0,0.0
