model,condition,family,successes,episodes,success_rate_pct
Octo,Seeds,Basket,0,90,0.0
Octo,Seeds,Floor,0,60,0.0
Octo,Seeds,Board,0,90,0.0
Octo,Seeds,Open,0,60,0.0
Octo,Seeds,Close,1,60,1.6667
Octo,Pose,Basket,0,90,0.0
Octo,Pose,Floor,0,60,0.0
Octo,Pose,Board,0,90,0.0
Octo,Pose,Open,0,60,0.0
Octo,Pose,Close,0,60,0.0
Octo,Layout,Basket,0,90,0.0
Octo,Layout,Floor,0,60,0.0
Octo,Layout,Board,0,90,0.0
Octo,Layout,Open,0,60,0.0
Octo,Layout,Close,3,60,5.0
Octo,Pairing,Basket,0,60,0.0
Octo,Pairing,Floor,0,60,0.0
Octo,Pairing,Board,0,60,0.0
pi05,Seeds,Basket,0,90,0.0
pi05,Seeds,Floor,0,60,0.0
pi05,Seeds,Board,0,90,0.0
pi05,Seeds,Open,0,60,0.0
pi05,Seeds,Close,15,60,25.0
pi05,Pose,Basket,0,90,0.0
pi05,Pose,Floor,0,60,0.0
pi05,Pose,Board,0,90,0.0
pi05,Pose,Open,1,60,1.6667
pi05,Pose,Close,10,60,16.6667
pi05,Layout,Basket,0,90,0.0
pi05,Layout,Floor,0,60,0.0
pi05,Layout,Board,0,90,0.0
pi05,Layout,Open,1,60,1.6667
pi05,Layout,Close,12,60,20.0
pi05,Pairing,Basket,0,60,0.0
pi05,Pairing,Floor,0,60,0.0
pi05,Pairing,Board,0,60,0.0
